"m49_code","country","region","cpc_code","commodity","year","loss_percentage","loss_percentage_original","loss_quantity","activity","food_supply_stage","treatment","cause_of_loss","sample_size","method_data_collection","reference","url","notes"
"192","Cuba",,"01652","Chillies and peppers, dry (<i>Capsicum</i> spp., <i>Pimenta</i> spp.), raw",2011,0.83,"0.83%",,"Processing","Processing",,,,"Survey","FAO (2015)",,
"192","Cuba",,"01652","Chillies and peppers, dry (<i>Capsicum</i> spp., <i>Pimenta</i> spp.), raw",2011,0.78,"0.78%",,"Processing","Processing",,,,"Survey","FAO (2015)",,
"204","Benin",,"01651","Pepper (<i>Piper</i> spp.), raw",2010,9.5,"8.0-11",,,"Retail",,,,"Case Study","Kitinoja","http://ucanr.edu/datastoreFiles/234-1847.pdf",
"204","Benin",,"01651","Pepper (<i>Piper</i> spp.), raw",2010,10.45,"5.9-15",,,"Farm",,,,"Case Study","Kitinoja","http://ucanr.edu/datastoreFiles/234-1847.pdf",
"204","Benin",,"01651","Pepper (<i>Piper</i> spp.), raw",2010,12.1,"6.2-18",,,"Wholesale",,,,"Case Study","Kitinoja","http://ucanr.edu/datastoreFiles/234-1847.pdf",
"204","Benin",,"01651","Pepper (<i>Piper</i> spp.), raw",2009,5.9,"5.9",,,"Farm",,"Physical Losses","10, planning project","Case Study","IITA","http://ucanr.edu/datastoreFiles/234-1847.pdf",
"204","Benin",,"01651","Pepper (<i>Piper</i> spp.), raw",2009,10,"10",,"Grading, Sorting","Retail",,"Mechanical Damage","10, planning project","Case Study","IITA","http://ucanr.edu/datastoreFiles/234-1847.pdf",
"204","Benin",,"01651","Pepper (<i>Piper</i> spp.), raw",2009,18,"18",,"Grading, Sorting","Wholesale",,"Decay","10, planning project","Case Study","IITA","http://ucanr.edu/datastoreFiles/234-1847.pdf",
"204","Benin",,"01651","Pepper (<i>Piper</i> spp.), raw",2009,6.2,"6.2",,,"Wholesale",,"Physical Losses","10, planning project","Case Study","IITA","http://ucanr.edu/datastoreFiles/234-1847.pdf",
"204","Benin",,"01651","Pepper (<i>Piper</i> spp.), raw",2009,8,"8",,"Grading, Sorting","Retail",,"Decay","10, planning project","Case Study","IITA","http://ucanr.edu/datastoreFiles/234-1847.pdf",
"204","Benin",,"01651","Pepper (<i>Piper</i> spp.), raw",2009,7,"7",,"Grading, Sorting","Wholesale",,"Mechanical Damage","10, planning project","Case Study","IITA","http://ucanr.edu/datastoreFiles/234-1847.pdf",
"204","Benin",,"01651","Pepper (<i>Piper</i> spp.), raw",2009,15,"15",,"Grading, Sorting","Farm",,"Mechanical Damage","10, planning project","Case Study","IITA","http://ucanr.edu/datastoreFiles/234-1847.pdf",
"231","Ethiopia",,"01651","Pepper (<i>Piper</i> spp.), raw",1991,2,"2",,,"Whole supply chain",,,,"Literature Review","Tadesse 1991","http://ucanr.edu/datastoreFiles/234-1847.pdf; http://ucce.ucdavis.edu/files/datastore/234-1479.pdf",
"288","Ghana",,"01651","Pepper (<i>Piper</i> spp.), raw",2010,13.1,"8.7-17.5",,,"Retail",,,,"Case Study","Kitinoja","http://ucanr.edu/datastoreFiles/234-1847.pdf",
"288","Ghana",,"01651","Pepper (<i>Piper</i> spp.), raw",2010,15.55,"13-18.1",,,"Farm",,,,"Case Study","Kitinoja","http://ucanr.edu/datastoreFiles/234-1847.pdf",
"356","India","Tamil Nadu","01372","Cashew nuts, in shell",2016,7.72,"7.72%",,,"Whole supply chain",,"","","Literature Review","rajesh (2016), assessment of quantitative harvest and post-harvest losses of major crops/commodities in india",," Reference has been generated automatically"
"356","India","Karnataka","01372","Cashew nuts, in shell",2016,2.49,"2.49%",,,"Whole supply chain",,"","","Literature Review","rajesh (2016), assessment of quantitative harvest and post-harvest losses of major crops/commodities in india",," Reference has been generated automatically"
"356","India",,"01372","Cashew nuts, in shell",2016,1.45,"1.45%",,"Harvesting","Harvest",,"","","Literature Review","rajesh (2016), assessment of quantitative harvest and post-harvest losses of major crops/commodities in india",," Reference has been generated automatically"
"356","India",,"01372","Cashew nuts, in shell",2016,4.17,"4.17%",,,"Whole supply chain",,"","","Literature Review","rajesh (2016), assessment of quantitative harvest and post-harvest losses of major crops/commodities in india",," Reference has been generated automatically"
"356","India",,"01372","Cashew nuts, in shell",2016,3.82,"3.82%",,,"Farm",,"","","Literature Review","rajesh (2016), assessment of quantitative harvest and post-harvest losses of major crops/commodities in india",," Reference has been generated automatically"
"356","India","Andhra Pradesh","01372","Cashew nuts, in shell",2016,7.72,"7.72%",,,"Whole supply chain",,"","","Literature Review","rajesh (2016), assessment of quantitative harvest and post-harvest losses of major crops/commodities in india",," Reference has been generated automatically"
"356","India","Odisha","01372","Cashew nuts, in shell",2016,4.68,"4.68%",,,"Whole supply chain",,"","","Literature Review","rajesh (2016), assessment of quantitative harvest and post-harvest losses of major crops/commodities in india",," Reference has been generated automatically"
"356","India","Kerala","01372","Cashew nuts, in shell",2016,2.49,"2.49%",,,"Whole supply chain",,"","","Literature Review","rajesh (2016), assessment of quantitative harvest and post-harvest losses of major crops/commodities in india",," Reference has been generated automatically"
"356","India",,"01379.01","Areca nuts",2016,1.24,"1.24%",,"Harvesting","Harvest",,"","","Literature Review","rajesh (2016), assessment of quantitative harvest and post-harvest losses of major crops/commodities in india",," Reference has been generated automatically"
"356","India",,"01379.01","Areca nuts",2016,1.24,"1.24%",,"Harvesting","Harvest",,"","","Literature Review","rajesh (2016), assessment of quantitative harvest and post-harvest losses of major crops/commodities in india",," Reference has been generated automatically"
"356","India",,"01379.01","Areca nuts",2016,0.97,"0.97%",,"Storage","Storage",,"","","Literature Review","rajesh (2016), assessment of quantitative harvest and post-harvest losses of major crops/commodities in india",," Reference has been generated automatically"
"356","India","Kerala","01379.01","Areca nuts",2016,3.8,"3.80%",,,"Whole supply chain",,"","","Literature Review","rajesh (2016), assessment of quantitative harvest and post-harvest losses of major crops/commodities in india",," Reference has been generated automatically"
"356","India",,"01379.01","Areca nuts",2016,3.94,"3.94%",,"Farm","Farm",,"","","Literature Review","rajesh (2016), assessment of quantitative harvest and post-harvest losses of major crops/commodities in india",," Reference has been generated automatically"
"356","India",,"01379.01","Areca nuts",2016,4.91,"4.91%",,,"Whole supply chain",,"","","Literature Review","rajesh (2016), assessment of quantitative harvest and post-harvest losses of major crops/commodities in india",," Reference has been generated automatically"
"356","India","Karnataka","01379.01","Areca nuts",2016,3.8,"3.80%",,,"Whole supply chain",,"","","Literature Review","rajesh (2016), assessment of quantitative harvest and post-harvest losses of major crops/commodities in india",," Reference has been generated automatically"
"356","India",,"01651","Pepper (<i>Piper</i> spp.), raw",2016,0.99,"0.99%",,"Farm","Farm",,"","","Literature Review","rajesh (2016), assessment of quantitative harvest and post-harvest losses of major crops/commodities in india",," Reference has been generated automatically"
"356","India",,"01651","Pepper (<i>Piper</i> spp.), raw",2016,0.47,"0.47%",,"Harvesting","Harvest",,"","","Literature Review","rajesh (2016), assessment of quantitative harvest and post-harvest losses of major crops/commodities in india",," Reference has been generated automatically"
"356","India",,"01651","Pepper (<i>Piper</i> spp.), raw",2016,1.18,"1.18%",,,"Whole supply chain",,"","","Literature Review","rajesh (2016), assessment of quantitative harvest and post-harvest losses of major crops/commodities in india",," Reference has been generated automatically"
"356","India",,"01652","Chillies and peppers, dry (<i>Capsicum</i> spp., <i>Pimenta</i> spp.), raw",2016,1.6,"1.60%",,"Harvesting","Harvest",,"","","Literature Review","rajesh (2016), assessment of quantitative harvest and post-harvest losses of major crops/commodities in india",," Reference has been generated automatically"
"356","India",,"01652","Chillies and peppers, dry (<i>Capsicum</i> spp., <i>Pimenta</i> spp.), raw",2016,5.11,"5.11%",,"Farm","Farm",,"","","Literature Review","rajesh (2016), assessment of quantitative harvest and post-harvest losses of major crops/commodities in india",," Reference has been generated automatically"
"356","India",,"01652","Chillies and peppers, dry (<i>Capsicum</i> spp., <i>Pimenta</i> spp.), raw",2016,1.4,"1.40%",,"Storage","Storage",,"","","Literature Review","rajesh (2016), assessment of quantitative harvest and post-harvest losses of major crops/commodities in india",," Reference has been generated automatically"
"356","India",,"01654","Anise, badian, coriander, cumin, caraway, fennel and juniper berries, raw",2016,5.87,"5.87%",,,"Whole supply chain",,"","","Literature Review","rajesh (2016), assessment of quantitative harvest and post-harvest losses of major crops/commodities in india",," Reference has been generated automatically"
"356","India",,"01654","Anise, badian, coriander, cumin, caraway, fennel and juniper berries, raw",2016,2.48,"2.48%",,"Harvesting","Harvest",,"","","Literature Review","rajesh (2016), assessment of quantitative harvest and post-harvest losses of major crops/commodities in india",," Reference has been generated automatically"
"356","India",,"01654","Anise, badian, coriander, cumin, caraway, fennel and juniper berries, raw",2016,0.55,"0.55%",,"Storage","Storage",,"","","Literature Review","rajesh (2016), assessment of quantitative harvest and post-harvest losses of major crops/commodities in india",," Reference has been generated automatically"
"356","India",,"01654","Anise, badian, coriander, cumin, caraway, fennel and juniper berries, raw",2016,5.33,"5.33%",,"Farm","Farm",,"","","Literature Review","rajesh (2016), assessment of quantitative harvest and post-harvest losses of major crops/commodities in india",," Reference has been generated automatically"
"356","India",,"01654","Anise, badian, coriander, cumin, caraway, fennel and juniper berries, raw",2016,2.48,"2.48%",,"Harvesting","Harvest",,"","","Literature Review","rajesh (2016), assessment of quantitative harvest and post-harvest losses of major crops/commodities in india",," Reference has been generated automatically"
"356","India",,"01699","Other stimulant, spice and aromatic crops, n.e.c.",2016,2.41,"2.41%",,"Harvesting","Harvest",,"","","Literature Review","rajesh (2016), assessment of quantitative harvest and post-harvest losses of major crops/commodities in india",," Reference has been generated automatically"
"356","India",,"01699","Other stimulant, spice and aromatic crops, n.e.c.",2016,3.6,"3.60%",,"Collection, Drying, Harvesting, Packaging, Sorting, Transportation","Farm",,"","","Literature Review","rajesh (2016), assessment of quantitative harvest and post-harvest losses of major crops/commodities in india",," Reference has been generated automatically"
"356","India",,"01699","Other stimulant, spice and aromatic crops, n.e.c.",2016,4.44,"4.44%",,"Collection, Drying, Harvesting, Packaging, Processing, Retailing, Sorting, Transportation, Wholesale","Whole supply chain",,"","","Literature Review","rajesh (2016), assessment of quantitative harvest and post-harvest losses of major crops/commodities in india",," Reference has been generated automatically"
"356","India",,"01802","Sugar cane",2016,7.89,"7.89%",,,"Whole supply chain",,"","","Literature Review","rajesh (2016), assessment of quantitative harvest and post-harvest losses of major crops/commodities in india",," Reference has been generated automatically"
"356","India",,"01802","Sugar cane",2016,2.11,"2.11%",,"Harvesting","Harvest",,"","","Literature Review","rajesh (2016), assessment of quantitative harvest and post-harvest losses of major crops/commodities in india",," Reference has been generated automatically"
"356","India","Assam","01802","Sugar cane",2016,2.3,"2.30%",,,"Whole supply chain",,"","","Literature Review","rajesh (2016), assessment of quantitative harvest and post-harvest losses of major crops/commodities in india",," Reference has been generated automatically"
"356","India",,"01802","Sugar cane",2016,7.29,"7.29%",,"Farm","Farm",,"","","Literature Review","rajesh (2016), assessment of quantitative harvest and post-harvest losses of major crops/commodities in india",," Reference has been generated automatically"
"356","India","Andhra Pradesh","01802","Sugar cane",2016,7.07,"7.07%",,,"Whole supply chain",,"","","Literature Review","rajesh (2016), assessment of quantitative harvest and post-harvest losses of major crops/commodities in india",," Reference has been generated automatically"
"356","India",,"01372","Cashew nuts, in shell",2014,0.07,"0.07",,"Transportation","Transport",,"","3 agro-climatic zones","Survey","S.N.Jha, P.K. Vishwakarma Tauqueer Ahmad ; ICAR-All India Coordinated Research Project on Post-Harvest Technology","http://www.ciphet.in/upload/sphl/MOFPI%20REPORT1.pdf",""
"356","India",,"01372","Cashew nuts, in shell",2014,0.03,"0.03",,"Retailing","Storage",,,"3 agro-climatic zones","Survey","S.N.Jha, P.K. Vishwakarma Tauqueer Ahmad ; ICAR-All India Coordinated Research Project on Post-Harvest Technology","http://www.ciphet.in/upload/sphl/MOFPI%20REPORT1.pdf",
"356","India",,"01372","Cashew nuts, in shell",2014,1.34,"1.34",,"Threshing","Farm",,,"3 agro-climatic zones","Survey","S.N.Jha, P.K. Vishwakarma Tauqueer Ahmad ; ICAR-All India Coordinated Research Project on Post-Harvest Technology","http://www.ciphet.in/upload/sphl/MOFPI%20REPORT1.pdf",
"356","India",,"01372","Cashew nuts, in shell",2014,0.14,"0.14",,"Wholesale","Storage",,,"3 agro-climatic zones","Survey","S.N.Jha, P.K. Vishwakarma Tauqueer Ahmad ; ICAR-All India Coordinated Research Project on Post-Harvest Technology","http://www.ciphet.in/upload/sphl/MOFPI%20REPORT1.pdf",
"356","India",,"01372","Cashew nuts, in shell",2014,4.17,"4.17",,,"Whole supply chain",,"Physical Losses",,"Survey","S.N.Jha, P.K. Vishwakarma Tauqueer Ahmad ; ICAR-All India Coordinated Research Project on Post-Harvest Technology","http://www.ciphet.in/upload/sphl/MOFPI%20REPORT1.pdf",
"356","India",,"01372","Cashew nuts, in shell",2014,0.3,"0.3",,"Cleaning, Winnowing","Farm",,,"3 agro-climatic zones","Survey","S.N.Jha, P.K. Vishwakarma Tauqueer Ahmad ; ICAR-All India Coordinated Research Project on Post-Harvest Technology","http://www.ciphet.in/upload/sphl/MOFPI%20REPORT1.pdf",
"356","India",,"01372","Cashew nuts, in shell",2014,0.17,"0.17",,"Processing","Storage",,,"3 agro-climatic zones","Survey","S.N.Jha, P.K. Vishwakarma Tauqueer Ahmad ; ICAR-All India Coordinated Research Project on Post-Harvest Technology","http://www.ciphet.in/upload/sphl/MOFPI%20REPORT1.pdf",
"356","India",,"01372","Cashew nuts, in shell",2014,0.07,"0.07",,"Drying","Farm",,,"3 agro-climatic zones","Survey","S.N.Jha, P.K. Vishwakarma Tauqueer Ahmad ; ICAR-All India Coordinated Research Project on Post-Harvest Technology","http://www.ciphet.in/upload/sphl/MOFPI%20REPORT1.pdf",
"356","India",,"01372","Cashew nuts, in shell",2014,1.45,"1.45",,"Harvesting","Harvest",,,"3 agro-climatic zones","Survey","S.N.Jha, P.K. Vishwakarma Tauqueer Ahmad ; ICAR-All India Coordinated Research Project on Post-Harvest Technology","http://www.ciphet.in/upload/sphl/MOFPI%20REPORT1.pdf",
"356","India",,"01372","Cashew nuts, in shell",2014,0.57,"0.57",,"Collection","Farm",,,"3 agro-climatic zones","Survey","S.N.Jha, P.K. Vishwakarma Tauqueer Ahmad ; ICAR-All India Coordinated Research Project on Post-Harvest Technology","http://www.ciphet.in/upload/sphl/MOFPI%20REPORT1.pdf",
"356","India",,"01379.01","Areca nuts",2014,0.17,"0.17",,"Transportation","Transport",,"","3 agro-climatic zones","Survey","S.N.Jha, P.K. Vishwakarma Tauqueer Ahmad ; ICAR-All India Coordinated Research Project on Post-Harvest Technology","http://www.ciphet.in/upload/sphl/MOFPI%20REPORT1.pdf",""
"356","India",,"01379.01","Areca nuts",2014,0.39,"0.39",,"Collection","Farm",,,"3 agro-climatic zones","Survey","S.N.Jha, P.K. Vishwakarma Tauqueer Ahmad ; ICAR-All India Coordinated Research Project on Post-Harvest Technology","http://www.ciphet.in/upload/sphl/MOFPI%20REPORT1.pdf",
"356","India",,"01379.01","Areca nuts",2014,0.71,"0.71",,"Threshing","Farm",,"Poor Threshing Techniques","3 agro-climatic zones","Survey","S.N.Jha, P.K. Vishwakarma Tauqueer Ahmad ; ICAR-All India Coordinated Research Project on Post-Harvest Technology","http://www.ciphet.in/upload/sphl/MOFPI%20REPORT1.pdf",
"356","India",,"01379.01","Areca nuts",2014,0.19,"0.19",,"Drying","Farm",,,"3 agro-climatic zones","Survey","S.N.Jha, P.K. Vishwakarma Tauqueer Ahmad ; ICAR-All India Coordinated Research Project on Post-Harvest Technology","http://www.ciphet.in/upload/sphl/MOFPI%20REPORT1.pdf",
"356","India",,"01379.01","Areca nuts",2014,0.48,"0.48",,"Wholesale","Storage",,,"3 agro-climatic zones","Survey","S.N.Jha, P.K. Vishwakarma Tauqueer Ahmad ; ICAR-All India Coordinated Research Project on Post-Harvest Technology","http://www.ciphet.in/upload/sphl/MOFPI%20REPORT1.pdf",
"356","India",,"01379.01","Areca nuts",2014,0.05,"0.05",,"Packaging","Farm",,,"3 agro-climatic zones","Survey","S.N.Jha, P.K. Vishwakarma Tauqueer Ahmad ; ICAR-All India Coordinated Research Project on Post-Harvest Technology","http://www.ciphet.in/upload/sphl/MOFPI%20REPORT1.pdf",
"356","India",,"01379.01","Areca nuts",2014,0.02,"0.02",,"Storage","Storage",,"","3 agro-climatic zones","Survey","S.N.Jha, P.K. Vishwakarma Tauqueer Ahmad ; ICAR-All India Coordinated Research Project on Post-Harvest Technology","http://www.ciphet.in/upload/sphl/MOFPI%20REPORT1.pdf",""
"356","India",,"01379.01","Areca nuts",2014,0.36,"0.36",,"Processing","Storage",,,"3 agro-climatic zones","Survey","S.N.Jha, P.K. Vishwakarma Tauqueer Ahmad ; ICAR-All India Coordinated Research Project on Post-Harvest Technology","http://www.ciphet.in/upload/sphl/MOFPI%20REPORT1.pdf",
"356","India",,"01379.01","Areca nuts",2014,4.91,"4.91",,,"Whole supply chain",,"Physical Losses",,"Survey","S.N.Jha, P.K. Vishwakarma Tauqueer Ahmad ; ICAR-All India Coordinated Research Project on Post-Harvest Technology","http://www.ciphet.in/upload/sphl/MOFPI%20REPORT1.pdf",
"356","India",,"01379.01","Areca nuts",2014,0.1,"0.1",,"Retailing","Storage",,,"3 agro-climatic zones","Survey","S.N.Jha, P.K. Vishwakarma Tauqueer Ahmad ; ICAR-All India Coordinated Research Project on Post-Harvest Technology","http://www.ciphet.in/upload/sphl/MOFPI%20REPORT1.pdf",
"356","India",,"01379.01","Areca nuts",2014,1.24,"1.24",,"Harvesting","Harvest",,,"3 agro-climatic zones","Survey","S.N.Jha, P.K. Vishwakarma Tauqueer Ahmad ; ICAR-All India Coordinated Research Project on Post-Harvest Technology","http://www.ciphet.in/upload/sphl/MOFPI%20REPORT1.pdf",
"356","India",,"01379.01","Areca nuts",2014,1.19,"1.19",,"Cleaning, Winnowing","Farm",,,"3 agro-climatic zones","Survey","S.N.Jha, P.K. Vishwakarma Tauqueer Ahmad ; ICAR-All India Coordinated Research Project on Post-Harvest Technology","http://www.ciphet.in/upload/sphl/MOFPI%20REPORT1.pdf",
"356","India",,"01651","Pepper (<i>Piper</i> spp.), raw",2014,0.01,"0.01",,"Packaging","Farm",,,,"Survey","S.N.Jha, P.K. Vishwakarma Tauqueer Ahmad ; ICAR-All India Coordinated Research Project on Post-Harvest Technology","http://www.ciphet.in/upload/sphl/MOFPI%20REPORT1.pdf",
"356","India",,"01651","Pepper (<i>Piper</i> spp.), raw",2014,0.04,"0.04",,"Drying","Farm",,,,"Survey","S.N.Jha, P.K. Vishwakarma Tauqueer Ahmad ; ICAR-All India Coordinated Research Project on Post-Harvest Technology","http://www.ciphet.in/upload/sphl/MOFPI%20REPORT1.pdf",
"356","India",,"01651","Pepper (<i>Piper</i> spp.), raw",2014,1.18,"1.18",,,"Whole supply chain",,"Physical Losses",,"Survey","S.N.Jha, P.K. Vishwakarma Tauqueer Ahmad ; ICAR-All India Coordinated Research Project on Post-Harvest Technology","http://www.ciphet.in/upload/sphl/MOFPI%20REPORT1.pdf",
"356","India",,"01651","Pepper (<i>Piper</i> spp.), raw",2014,0.47,"0.47",,"Harvesting","Harvest",,,,"Survey","S.N.Jha, P.K. Vishwakarma Tauqueer Ahmad ; ICAR-All India Coordinated Research Project on Post-Harvest Technology","http://www.ciphet.in/upload/sphl/MOFPI%20REPORT1.pdf",
"356","India",,"01651","Pepper (<i>Piper</i> spp.), raw",2014,0.23,"0.23",,"Threshing","Farm",,,,"Survey","S.N.Jha, P.K. Vishwakarma Tauqueer Ahmad ; ICAR-All India Coordinated Research Project on Post-Harvest Technology","http://www.ciphet.in/upload/sphl/MOFPI%20REPORT1.pdf",
"356","India",,"01651","Pepper (<i>Piper</i> spp.), raw",2014,0.02,"0.02",,"Cleaning, Winnowing","Farm",,,,"Survey","S.N.Jha, P.K. Vishwakarma Tauqueer Ahmad ; ICAR-All India Coordinated Research Project on Post-Harvest Technology","http://www.ciphet.in/upload/sphl/MOFPI%20REPORT1.pdf",
"356","India",,"01651","Pepper (<i>Piper</i> spp.), raw",2014,0.01,"0.01",,"Storage","Storage",,"","","Survey","S.N.Jha, P.K. Vishwakarma Tauqueer Ahmad ; ICAR-All India Coordinated Research Project on Post-Harvest Technology","http://www.ciphet.in/upload/sphl/MOFPI%20REPORT1.pdf",""
"356","India",,"01651","Pepper (<i>Piper</i> spp.), raw",2014,0.18,"0.18",,"Retailing","Storage",,,,"Survey","S.N.Jha, P.K. Vishwakarma Tauqueer Ahmad ; ICAR-All India Coordinated Research Project on Post-Harvest Technology","http://www.ciphet.in/upload/sphl/MOFPI%20REPORT1.pdf",
"356","India",,"01651","Pepper (<i>Piper</i> spp.), raw",2014,0.21,"0.21",,"Collection","Farm",,,,"Survey","S.N.Jha, P.K. Vishwakarma Tauqueer Ahmad ; ICAR-All India Coordinated Research Project on Post-Harvest Technology","http://www.ciphet.in/upload/sphl/MOFPI%20REPORT1.pdf",
"356","India",,"01652","Chillies and peppers, dry (<i>Capsicum</i> spp., <i>Pimenta</i> spp.), raw",2014,0.99,"0.99",,"Wholesale","Storage",,,"4 agro-climatic zones","Survey","S.N.Jha, P.K. Vishwakarma Tauqueer Ahmad ; ICAR-All India Coordinated Research Project on Post-Harvest Technology","http://www.ciphet.in/upload/sphl/MOFPI%20REPORT1.pdf",
"356","India",,"01652","Chillies and peppers, dry (<i>Capsicum</i> spp., <i>Pimenta</i> spp.), raw",2014,1.6,"1.6",,"Harvesting","Harvest",,,"4 agro-climatic zones","Survey","S.N.Jha, P.K. Vishwakarma Tauqueer Ahmad ; ICAR-All India Coordinated Research Project on Post-Harvest Technology","http://www.ciphet.in/upload/sphl/MOFPI%20REPORT1.pdf",
"356","India",,"01652","Chillies and peppers, dry (<i>Capsicum</i> spp., <i>Pimenta</i> spp.), raw",2014,0.84,"0.84",,"Collection","Farm",,,"4 agro-climatic zones","Survey","S.N.Jha, P.K. Vishwakarma Tauqueer Ahmad ; ICAR-All India Coordinated Research Project on Post-Harvest Technology","http://www.ciphet.in/upload/sphl/MOFPI%20REPORT1.pdf",
"356","India",,"01652","Chillies and peppers, dry (<i>Capsicum</i> spp., <i>Pimenta</i> spp.), raw",2014,6.51,"6.51",,,"Whole supply chain",,"Physical Losses",,"Survey","S.N.Jha, P.K. Vishwakarma Tauqueer Ahmad ; ICAR-All India Coordinated Research Project on Post-Harvest Technology","http://www.ciphet.in/upload/sphl/MOFPI%20REPORT1.pdf",
"356","India",,"01652","Chillies and peppers, dry (<i>Capsicum</i> spp., <i>Pimenta</i> spp.), raw",2014,0.15,"0.15",,"Packaging","Farm",,,"4 agro-climatic zones","Survey","S.N.Jha, P.K. Vishwakarma Tauqueer Ahmad ; ICAR-All India Coordinated Research Project on Post-Harvest Technology","http://www.ciphet.in/upload/sphl/MOFPI%20REPORT1.pdf",
"356","India",,"01652","Chillies and peppers, dry (<i>Capsicum</i> spp., <i>Pimenta</i> spp.), raw",2014,0.3,"0.3",,"Transportation","Transport",,"","4 agro-climatic zones","Survey","S.N.Jha, P.K. Vishwakarma Tauqueer Ahmad ; ICAR-All India Coordinated Research Project on Post-Harvest Technology","http://www.ciphet.in/upload/sphl/MOFPI%20REPORT1.pdf",""
"356","India",,"01652","Chillies and peppers, dry (<i>Capsicum</i> spp., <i>Pimenta</i> spp.), raw",2014,2.18,"2.18",,"Grading, Sorting","Farm",,,"4 agro-climatic zones","Survey","S.N.Jha, P.K. Vishwakarma Tauqueer Ahmad ; ICAR-All India Coordinated Research Project on Post-Harvest Technology","http://www.ciphet.in/upload/sphl/MOFPI%20REPORT1.pdf",
"356","India",,"01652","Chillies and peppers, dry (<i>Capsicum</i> spp., <i>Pimenta</i> spp.), raw",2014,0.02,"0.02",,"Drying","Farm",,,"4 agro-climatic zones","Survey","S.N.Jha, P.K. Vishwakarma Tauqueer Ahmad ; ICAR-All India Coordinated Research Project on Post-Harvest Technology","http://www.ciphet.in/upload/sphl/MOFPI%20REPORT1.pdf",
"356","India",,"01652","Chillies and peppers, dry (<i>Capsicum</i> spp., <i>Pimenta</i> spp.), raw",2014,0.03,"0.03",,"Storage","Storage",,"","4 agro-climatic zones","Survey","S.N.Jha, P.K. Vishwakarma Tauqueer Ahmad ; ICAR-All India Coordinated Research Project on Post-Harvest Technology","http://www.ciphet.in/upload/sphl/MOFPI%20REPORT1.pdf",""
"356","India",,"01652","Chillies and peppers, dry (<i>Capsicum</i> spp., <i>Pimenta</i> spp.), raw",2014,0.31,"0.31",,"Retailing","Storage",,,"4 agro-climatic zones","Survey","S.N.Jha, P.K. Vishwakarma Tauqueer Ahmad ; ICAR-All India Coordinated Research Project on Post-Harvest Technology","http://www.ciphet.in/upload/sphl/MOFPI%20REPORT1.pdf",
"356","India",,"01652","Chillies and peppers, dry (<i>Capsicum</i> spp., <i>Pimenta</i> spp.), raw",2014,0.06,"0.06",,"Processing","Storage",,,"4 agro-climatic zones","Survey","S.N.Jha, P.K. Vishwakarma Tauqueer Ahmad ; ICAR-All India Coordinated Research Project on Post-Harvest Technology","http://www.ciphet.in/upload/sphl/MOFPI%20REPORT1.pdf",
"356","India",,"01654","Anise, badian, coriander, cumin, caraway, fennel and juniper berries, raw",2014,0.01,"0.01",,"Drying","Farm",,,"2 agro-climatic zones","Survey","S.N.Jha, P.K. Vishwakarma Tauqueer Ahmad ; ICAR-All India Coordinated Research Project on Post-Harvest Technology","http://www.ciphet.in/upload/sphl/MOFPI%20REPORT1.pdf",
"356","India",,"01654","Anise, badian, coriander, cumin, caraway, fennel and juniper berries, raw",2014,0.26,"0.26",,"Retailing","Storage",,,"2 agro-climatic zones","Survey","S.N.Jha, P.K. Vishwakarma Tauqueer Ahmad ; ICAR-All India Coordinated Research Project on Post-Harvest Technology","http://www.ciphet.in/upload/sphl/MOFPI%20REPORT1.pdf",
"356","India",,"01654","Anise, badian, coriander, cumin, caraway, fennel and juniper berries, raw",2014,0.03,"0.03",,"Storage","Storage",,"","2 agro-climatic zones","Survey","S.N.Jha, P.K. Vishwakarma Tauqueer Ahmad ; ICAR-All India Coordinated Research Project on Post-Harvest Technology","http://www.ciphet.in/upload/sphl/MOFPI%20REPORT1.pdf",""
"356","India",,"01654","Anise, badian, coriander, cumin, caraway, fennel and juniper berries, raw",2014,0.92,"0.92",,"Collection","Farm",,,"2 agro-climatic zones","Survey","S.N.Jha, P.K. Vishwakarma Tauqueer Ahmad ; ICAR-All India Coordinated Research Project on Post-Harvest Technology","http://www.ciphet.in/upload/sphl/MOFPI%20REPORT1.pdf",
"356","India",,"01654","Anise, badian, coriander, cumin, caraway, fennel and juniper berries, raw",2014,0.31,"0.31",,"Transportation","Transport",,"","2 agro-climatic zones","Survey","S.N.Jha, P.K. Vishwakarma Tauqueer Ahmad ; ICAR-All India Coordinated Research Project on Post-Harvest Technology","http://www.ciphet.in/upload/sphl/MOFPI%20REPORT1.pdf",""
"356","India",,"01654","Anise, badian, coriander, cumin, caraway, fennel and juniper berries, raw",2014,1.07,"1.07",,"Threshing","Farm",,,"2 agro-climatic zones","Survey","S.N.Jha, P.K. Vishwakarma Tauqueer Ahmad ; ICAR-All India Coordinated Research Project on Post-Harvest Technology","http://www.ciphet.in/upload/sphl/MOFPI%20REPORT1.pdf",
"356","India",,"01654","Anise, badian, coriander, cumin, caraway, fennel and juniper berries, raw",2014,0.09,"0.09",,"Packaging","Farm",,,"2 agro-climatic zones","Survey","S.N.Jha, P.K. Vishwakarma Tauqueer Ahmad ; ICAR-All India Coordinated Research Project on Post-Harvest Technology","http://www.ciphet.in/upload/sphl/MOFPI%20REPORT1.pdf",
"356","India",,"01654","Anise, badian, coriander, cumin, caraway, fennel and juniper berries, raw",2014,2.48,"2.48",,"Harvesting","Harvest",,,"2 agro-climatic zones","Survey","S.N.Jha, P.K. Vishwakarma Tauqueer Ahmad ; ICAR-All India Coordinated Research Project on Post-Harvest Technology","http://www.ciphet.in/upload/sphl/MOFPI%20REPORT1.pdf",
"356","India",,"01654","Anise, badian, coriander, cumin, caraway, fennel and juniper berries, raw",2014,0.45,"0.45",,"Cleaning, Winnowing","Farm",,,"2 agro-climatic zones","Survey","S.N.Jha, P.K. Vishwakarma Tauqueer Ahmad ; ICAR-All India Coordinated Research Project on Post-Harvest Technology","http://www.ciphet.in/upload/sphl/MOFPI%20REPORT1.pdf",
"356","India",,"01654","Anise, badian, coriander, cumin, caraway, fennel and juniper berries, raw",2014,5.87,"5.87",,,"Whole supply chain",,"Physical Losses",,"Survey","S.N.Jha, P.K. Vishwakarma Tauqueer Ahmad ; ICAR-All India Coordinated Research Project on Post-Harvest Technology","http://www.ciphet.in/upload/sphl/MOFPI%20REPORT1.pdf",
"356","India",,"01654","Anise, badian, coriander, cumin, caraway, fennel and juniper berries, raw",2014,0.27,"0.27",,"Wholesale","Storage",,,"2 agro-climatic zones","Survey","S.N.Jha, P.K. Vishwakarma Tauqueer Ahmad ; ICAR-All India Coordinated Research Project on Post-Harvest Technology","http://www.ciphet.in/upload/sphl/MOFPI%20REPORT1.pdf",
"356","India",,"01699","Other stimulant, spice and aromatic crops, n.e.c.",2014,2.41,"2.41",,"Harvesting","Harvest",,,"4 agro-climatic zones",,"S.N.Jha, P.K. Vishwakarma Tauqueer Ahmad ; ICAR-All India Coordinated Research Project on Post-Harvest Technology","http://www.ciphet.in/upload/sphl/MOFPI%20REPORT1.pdf",
"356","India",,"01699","Other stimulant, spice and aromatic crops, n.e.c.",2014,0.06,"0.06",,"Retailing","Storage",,"Poor Storage Practices","4 agro-climatic zones",,"S.N.Jha, P.K. Vishwakarma Tauqueer Ahmad ; ICAR-All India Coordinated Research Project on Post-Harvest Technology","http://www.ciphet.in/upload/sphl/MOFPI%20REPORT1.pdf",
"356","India",,"01699","Other stimulant, spice and aromatic crops, n.e.c.",2014,0.04,"0.04",,"Transportation","Farm",,,"4 agro-climatic zones",,"S.N.Jha, P.K. Vishwakarma Tauqueer Ahmad ; ICAR-All India Coordinated Research Project on Post-Harvest Technology","http://www.ciphet.in/upload/sphl/MOFPI%20REPORT1.pdf",
"356","India",,"01699","Other stimulant, spice and aromatic crops, n.e.c.",2014,0.62,"0.62",,"Wholesale","Storage",,"Poor Storage Practices","4 agro-climatic zones",,"S.N.Jha, P.K. Vishwakarma Tauqueer Ahmad ; ICAR-All India Coordinated Research Project on Post-Harvest Technology","http://www.ciphet.in/upload/sphl/MOFPI%20REPORT1.pdf",
"356","India",,"01699","Other stimulant, spice and aromatic crops, n.e.c.",2014,0.09,"0.09",,"Packaging","Farm",,,"4 agro-climatic zones",,"S.N.Jha, P.K. Vishwakarma Tauqueer Ahmad ; ICAR-All India Coordinated Research Project on Post-Harvest Technology","http://www.ciphet.in/upload/sphl/MOFPI%20REPORT1.pdf",
"356","India",,"01699","Other stimulant, spice and aromatic crops, n.e.c.",2014,0.79,"0.79",,"Grading, Sorting","Farm",,,"4 agro-climatic zones",,"S.N.Jha, P.K. Vishwakarma Tauqueer Ahmad ; ICAR-All India Coordinated Research Project on Post-Harvest Technology","http://www.ciphet.in/upload/sphl/MOFPI%20REPORT1.pdf",
"356","India",,"01699","Other stimulant, spice and aromatic crops, n.e.c.",2014,0.09,"0.09",,"Farm","Storage",,"Poor Storage Practices","4 agro-climatic zones",,"S.N.Jha, P.K. Vishwakarma Tauqueer Ahmad ; ICAR-All India Coordinated Research Project on Post-Harvest Technology","http://www.ciphet.in/upload/sphl/MOFPI%20REPORT1.pdf",
"356","India",,"01699","Other stimulant, spice and aromatic crops, n.e.c.",2014,0.06,"0.06",,"Processing","Storage",,"Poor Storage Practices","4 agro-climatic zones",,"S.N.Jha, P.K. Vishwakarma Tauqueer Ahmad ; ICAR-All India Coordinated Research Project on Post-Harvest Technology","http://www.ciphet.in/upload/sphl/MOFPI%20REPORT1.pdf",
"356","India",,"01699","Other stimulant, spice and aromatic crops, n.e.c.",2014,0.16,"0.16",,"Drying","Farm",,,"4 agro-climatic zones",,"S.N.Jha, P.K. Vishwakarma Tauqueer Ahmad ; ICAR-All India Coordinated Research Project on Post-Harvest Technology","http://www.ciphet.in/upload/sphl/MOFPI%20REPORT1.pdf",
"356","India",,"01699","Other stimulant, spice and aromatic crops, n.e.c.",2014,4.44,"4.44",,,"Whole supply chain",,"Physical Losses",,,"S.N.Jha, P.K. Vishwakarma Tauqueer Ahmad ; ICAR-All India Coordinated Research Project on Post-Harvest Technology","http://www.ciphet.in/upload/sphl/MOFPI%20REPORT1.pdf",
"356","India",,"01699","Other stimulant, spice and aromatic crops, n.e.c.",2014,0.1,"0.1",,"Collection","Farm",,,"4 agro-climatic zones",,"S.N.Jha, P.K. Vishwakarma Tauqueer Ahmad ; ICAR-All India Coordinated Research Project on Post-Harvest Technology","http://www.ciphet.in/upload/sphl/MOFPI%20REPORT1.pdf",
"356","India",,"01802","Sugar cane",2014,1.02,"1.02",,"Grading, Sorting","Farm",,,"7 agro-climatic zones",,"S.N.Jha, P.K. Vishwakarma Tauqueer Ahmad ; ICAR-All India Coordinated Research Project on Post-Harvest Technology","http://www.ciphet.in/upload/sphl/MOFPI%20REPORT1.pdf",
"356","India",,"01802","Sugar cane",2014,0.07,"0.07",,"Packaging","Farm",,,"7 agro-climatic zones",,"S.N.Jha, P.K. Vishwakarma Tauqueer Ahmad ; ICAR-All India Coordinated Research Project on Post-Harvest Technology","http://www.ciphet.in/upload/sphl/MOFPI%20REPORT1.pdf",
"356","India",,"01802","Sugar cane",2014,0.04,"0.04",,"Farm","Storage",,,"7 agro-climatic zones",,"S.N.Jha, P.K. Vishwakarma Tauqueer Ahmad ; ICAR-All India Coordinated Research Project on Post-Harvest Technology","http://www.ciphet.in/upload/sphl/MOFPI%20REPORT1.pdf",
"356","India",,"01802","Sugar cane",2014,0.42,"0.42",,"Wholesale","Storage",,,"7 agro-climatic zones",,"S.N.Jha, P.K. Vishwakarma Tauqueer Ahmad ; ICAR-All India Coordinated Research Project on Post-Harvest Technology","http://www.ciphet.in/upload/sphl/MOFPI%20REPORT1.pdf",
"356","India",,"01802","Sugar cane",2014,2.11,"2.11",,"Harvesting","Harvest",,,"7 agro-climatic zones",,"S.N.Jha, P.K. Vishwakarma Tauqueer Ahmad ; ICAR-All India Coordinated Research Project on Post-Harvest Technology","http://www.ciphet.in/upload/sphl/MOFPI%20REPORT1.pdf",
"356","India",,"01802","Sugar cane",2014,0.11,"0.11",,"Retailing","Storage",,,"7 agro-climatic zones",,"S.N.Jha, P.K. Vishwakarma Tauqueer Ahmad ; ICAR-All India Coordinated Research Project on Post-Harvest Technology","http://www.ciphet.in/upload/sphl/MOFPI%20REPORT1.pdf",
"356","India",,"01802","Sugar cane",2014,0.1,"0.1",,"Transportation","Farm",,,"7 agro-climatic zones",,"S.N.Jha, P.K. Vishwakarma Tauqueer Ahmad ; ICAR-All India Coordinated Research Project on Post-Harvest Technology","http://www.ciphet.in/upload/sphl/MOFPI%20REPORT1.pdf",
"356","India",,"01802","Sugar cane",2014,3.95,"3.95",,"Drying","Farm",,,"7 agro-climatic zones",,"S.N.Jha, P.K. Vishwakarma Tauqueer Ahmad ; ICAR-All India Coordinated Research Project on Post-Harvest Technology","http://www.ciphet.in/upload/sphl/MOFPI%20REPORT1.pdf",
"356","India",,"01802","Sugar cane",2014,0.04,"0.04",,"Processing","Storage",,,"7 agro-climatic zones",,"S.N.Jha, P.K. Vishwakarma Tauqueer Ahmad ; ICAR-All India Coordinated Research Project on Post-Harvest Technology","http://www.ciphet.in/upload/sphl/MOFPI%20REPORT1.pdf",
"356","India",,"01802","Sugar cane",2014,0.04,"0.04",,"Collection","Farm",,,"7 agro-climatic zones",,"S.N.Jha, P.K. Vishwakarma Tauqueer Ahmad ; ICAR-All India Coordinated Research Project on Post-Harvest Technology","http://www.ciphet.in/upload/sphl/MOFPI%20REPORT1.pdf",
"356","India",,"01802","Sugar cane",2014,7.89,"7.89",,,"Whole supply chain",,"Physical Losses",,,"S.N.Jha, P.K. Vishwakarma Tauqueer Ahmad ; ICAR-All India Coordinated Research Project on Post-Harvest Technology","http://www.ciphet.in/upload/sphl/MOFPI%20REPORT1.pdf",
"356","India",,"01802","Sugar cane",2013,7.89,"7.89%",,,"Whole supply chain",,"Sourced from Jha et  al. (2015","","Literature Review","Durba Kashyap ,Tripti Agarwal  (2019), Food loss in India: water footprint, land footprint and GHG emissions",," Reference has been generated automatically"
"356","India",,"01654","Anise, badian, coriander, cumin, caraway, fennel and juniper berries, raw",2009,7.24,"7.24%","0.3kg","Storage","Storage","Outside the Zero Energy Cool Chamber (ZECC)",,,"Controlled Experiment","Lisa Kitinoja (2010)",,
"356","India",,"01654","Anise, badian, coriander, cumin, caraway, fennel and juniper berries, raw",2009,3.86,"3.86%","0.16kg","Storage","Storage","Trials in Zero Energy Cool Chamber (ZECC)",,,"Controlled Experiment","Lisa Kitinoja (2010)",,
"356","India",,"01372","Cashew nuts, in shell",2006,0.13,"0.13",,"Storage","Storage",,"","","Survey","ICAR - S.K. Nanda, P.K. Vishwakarma","https://www.researchgate.net/publication/280780214_Harvest_and_post_harvest_losses_of_major_crops_and_livestock_produce_in_India",""
"356","India",,"01372","Cashew nuts, in shell",2006,0.22,"0.22",,"Wholesale","Storage",,,,"Survey","ICAR - S.K. Nanda, P.K. Vishwakarma","https://www.researchgate.net/publication/280780214_Harvest_and_post_harvest_losses_of_major_crops_and_livestock_produce_in_India",
"356","India",,"01372","Cashew nuts, in shell",2006,0.24,"0.24",,"Processing","Storage",,,,"Survey","ICAR - S.K. Nanda, P.K. Vishwakarma","https://www.researchgate.net/publication/280780214_Harvest_and_post_harvest_losses_of_major_crops_and_livestock_produce_in_India",
"356","India",,"01372","Cashew nuts, in shell",2006,0.16,"0.16",,"Harvesting","Harvest",,,,"Survey","ICAR - S.K. Nanda, P.K. Vishwakarma","https://www.researchgate.net/publication/280780214_Harvest_and_post_harvest_losses_of_major_crops_and_livestock_produce_in_India",
"356","India",,"01372","Cashew nuts, in shell",2006,0.37,"0.37",,"Threshing","Farm",,,,"Survey","ICAR - S.K. Nanda, P.K. Vishwakarma","https://www.researchgate.net/publication/280780214_Harvest_and_post_harvest_losses_of_major_crops_and_livestock_produce_in_India",
"356","India",,"01372","Cashew nuts, in shell",2006,0.14,"0.14",,"Collection","Farm",,,,"Survey","ICAR - S.K. Nanda, P.K. Vishwakarma","https://www.researchgate.net/publication/280780214_Harvest_and_post_harvest_losses_of_major_crops_and_livestock_produce_in_India",
"356","India",,"01372","Cashew nuts, in shell",2006,0.21,"0.21",,"Drying","Farm",,,,"Survey","ICAR - S.K. Nanda, P.K. Vishwakarma","https://www.researchgate.net/publication/280780214_Harvest_and_post_harvest_losses_of_major_crops_and_livestock_produce_in_India",
"356","India",,"01372","Cashew nuts, in shell",2006,0.36,"0.36",,"Retailing","Storage",,,,"Survey","ICAR - S.K. Nanda, P.K. Vishwakarma","https://www.researchgate.net/publication/280780214_Harvest_and_post_harvest_losses_of_major_crops_and_livestock_produce_in_India",
"356","India",,"01372","Cashew nuts, in shell",2006,0.01,"0.01",,"Transportation","Transport",,"","","Survey","ICAR - S.K. Nanda, P.K. Vishwakarma","https://www.researchgate.net/publication/280780214_Harvest_and_post_harvest_losses_of_major_crops_and_livestock_produce_in_India",""
"356","India",,"01379.01","Areca nuts",2006,1.53,"1.53",,"Storage","Storage",,"","","Survey","ICAR - S.K. Nanda, P.K. Vishwakarma","https://www.researchgate.net/publication/280780214_Harvest_and_post_harvest_losses_of_major_crops_and_livestock_produce_in_India",""
"356","India",,"01379.01","Areca nuts",2006,0.39,"0.39",,"Grading, Sorting","Farm",,,,"Survey","ICAR - S.K. Nanda, P.K. Vishwakarma","https://www.researchgate.net/publication/280780214_Harvest_and_post_harvest_losses_of_major_crops_and_livestock_produce_in_India",
"356","India",,"01379.01","Areca nuts",2006,3.32,"3.32",,"Threshing","Farm",,,,"Survey","ICAR - S.K. Nanda, P.K. Vishwakarma","https://www.researchgate.net/publication/280780214_Harvest_and_post_harvest_losses_of_major_crops_and_livestock_produce_in_India",
"356","India",,"01379.01","Areca nuts",2006,0.19,"0.19",,"Transportation","Transport",,"","","Survey","ICAR - S.K. Nanda, P.K. Vishwakarma","https://www.researchgate.net/publication/280780214_Harvest_and_post_harvest_losses_of_major_crops_and_livestock_produce_in_India",""
"356","India",,"01379.01","Areca nuts",2006,0.74,"0.74",,"Processing","Storage",,,,"Survey","ICAR - S.K. Nanda, P.K. Vishwakarma","https://www.researchgate.net/publication/280780214_Harvest_and_post_harvest_losses_of_major_crops_and_livestock_produce_in_India",
"356","India",,"01379.01","Areca nuts",2006,0.16,"0.16",,"Collection","Farm",,,,"Survey","ICAR - S.K. Nanda, P.K. Vishwakarma","https://www.researchgate.net/publication/280780214_Harvest_and_post_harvest_losses_of_major_crops_and_livestock_produce_in_India",
"356","India",,"01379.01","Areca nuts",2006,0.19,"0.19",,"Drying","Farm",,,,"Survey","ICAR - S.K. Nanda, P.K. Vishwakarma","https://www.researchgate.net/publication/280780214_Harvest_and_post_harvest_losses_of_major_crops_and_livestock_produce_in_India",
"356","India",,"01379.01","Areca nuts",2006,1.85,"1.85",,"Retailing","Storage",,,,"Survey","ICAR - S.K. Nanda, P.K. Vishwakarma","https://www.researchgate.net/publication/280780214_Harvest_and_post_harvest_losses_of_major_crops_and_livestock_produce_in_India",
"356","India",,"01379.01","Areca nuts",2006,0.41,"0.41",,"Cleaning, Winnowing","Farm",,,,"Survey","ICAR - S.K. Nanda, P.K. Vishwakarma","https://www.researchgate.net/publication/280780214_Harvest_and_post_harvest_losses_of_major_crops_and_livestock_produce_in_India",
"356","India",,"01379.01","Areca nuts",2006,0.06,"0.06",,"Packaging","Farm",,,,"Survey","ICAR - S.K. Nanda, P.K. Vishwakarma","https://www.researchgate.net/publication/280780214_Harvest_and_post_harvest_losses_of_major_crops_and_livestock_produce_in_India",
"356","India",,"01379.01","Areca nuts",2006,1.24,"1.24",,"Wholesale","Storage",,,,"Survey","ICAR - S.K. Nanda, P.K. Vishwakarma","https://www.researchgate.net/publication/280780214_Harvest_and_post_harvest_losses_of_major_crops_and_livestock_produce_in_India",
"356","India",,"01379.01","Areca nuts",2006,1.9,"1.9",,"Harvesting","Harvest",,,,"Survey","ICAR - S.K. Nanda, P.K. Vishwakarma","https://www.researchgate.net/publication/280780214_Harvest_and_post_harvest_losses_of_major_crops_and_livestock_produce_in_India",
"356","India",,"01651","Pepper (<i>Piper</i> spp.), raw",2006,0.28,"0.28",,"Storage","Storage",,"","","Survey","ICAR - S.K. Nanda, P.K. Vishwakarma","https://www.researchgate.net/publication/280780214_Harvest_and_post_harvest_losses_of_major_crops_and_livestock_produce_in_India",""
"356","India",,"01651","Pepper (<i>Piper</i> spp.), raw",2006,0.71,"0.71",,"Harvesting","Harvest",,,,"Survey","ICAR - S.K. Nanda, P.K. Vishwakarma","https://www.researchgate.net/publication/280780214_Harvest_and_post_harvest_losses_of_major_crops_and_livestock_produce_in_India",
"356","India",,"01651","Pepper (<i>Piper</i> spp.), raw",2006,0.24,"0.24",,"Packaging","Farm",,,,"Survey","ICAR - S.K. Nanda, P.K. Vishwakarma","https://www.researchgate.net/publication/280780214_Harvest_and_post_harvest_losses_of_major_crops_and_livestock_produce_in_India",
"356","India",,"01651","Pepper (<i>Piper</i> spp.), raw",2006,0.31,"0.31",,"Transportation","Transport",,"","","Survey","ICAR - S.K. Nanda, P.K. Vishwakarma","https://www.researchgate.net/publication/280780214_Harvest_and_post_harvest_losses_of_major_crops_and_livestock_produce_in_India",""
"356","India",,"01651","Pepper (<i>Piper</i> spp.), raw",2006,0.57,"0.57",,"Wholesale","Storage",,,,"Survey","ICAR - S.K. Nanda, P.K. Vishwakarma","https://www.researchgate.net/publication/280780214_Harvest_and_post_harvest_losses_of_major_crops_and_livestock_produce_in_India",
"356","India",,"01651","Pepper (<i>Piper</i> spp.), raw",2006,0.5,"0.5",,"Retailing","Storage",,,,"Survey","ICAR - S.K. Nanda, P.K. Vishwakarma","https://www.researchgate.net/publication/280780214_Harvest_and_post_harvest_losses_of_major_crops_and_livestock_produce_in_India",
"356","India",,"01651","Pepper (<i>Piper</i> spp.), raw",2006,0.83,"0.83",,"Cleaning, Winnowing","Farm",,,,"Survey","ICAR - S.K. Nanda, P.K. Vishwakarma","https://www.researchgate.net/publication/280780214_Harvest_and_post_harvest_losses_of_major_crops_and_livestock_produce_in_India",
"356","India",,"01651","Pepper (<i>Piper</i> spp.), raw",2006,0.46,"0.46",,"Threshing","Farm",,,,"Survey","ICAR - S.K. Nanda, P.K. Vishwakarma","https://www.researchgate.net/publication/280780214_Harvest_and_post_harvest_losses_of_major_crops_and_livestock_produce_in_India",
"356","India",,"01651","Pepper (<i>Piper</i> spp.), raw",2006,0.92,"0.92",,"Drying","Farm",,,,"Survey","ICAR - S.K. Nanda, P.K. Vishwakarma","https://www.researchgate.net/publication/280780214_Harvest_and_post_harvest_losses_of_major_crops_and_livestock_produce_in_India",
"356","India",,"01651","Pepper (<i>Piper</i> spp.), raw",2006,0.03,"0.03",,"Processing","Storage",,,,"Survey","ICAR - S.K. Nanda, P.K. Vishwakarma","https://www.researchgate.net/publication/280780214_Harvest_and_post_harvest_losses_of_major_crops_and_livestock_produce_in_India",
"356","India",,"01651","Pepper (<i>Piper</i> spp.), raw",2006,0.16,"0.16",,"Collection","Farm",,,,"Survey","ICAR - S.K. Nanda, P.K. Vishwakarma","https://www.researchgate.net/publication/280780214_Harvest_and_post_harvest_losses_of_major_crops_and_livestock_produce_in_India",
"356","India",,"01652","Chillies and peppers, dry (<i>Capsicum</i> spp., <i>Pimenta</i> spp.), raw",2006,0.12,"0.12",,"Packaging","Farm",,,,"Survey","ICAR - S.K. Nanda, P.K. Vishwakarma","https://www.researchgate.net/publication/280780214_Harvest_and_post_harvest_losses_of_major_crops_and_livestock_produce_in_India",
"356","India",,"01652","Chillies and peppers, dry (<i>Capsicum</i> spp., <i>Pimenta</i> spp.), raw",2006,1.64,"1.64",,"Harvesting","Harvest",,,,"Survey","ICAR - S.K. Nanda, P.K. Vishwakarma","https://www.researchgate.net/publication/280780214_Harvest_and_post_harvest_losses_of_major_crops_and_livestock_produce_in_India",
"356","India",,"01652","Chillies and peppers, dry (<i>Capsicum</i> spp., <i>Pimenta</i> spp.), raw",2006,0.71,"0.71",,"Collection","Farm",,,,"Survey","ICAR - S.K. Nanda, P.K. Vishwakarma","https://www.researchgate.net/publication/280780214_Harvest_and_post_harvest_losses_of_major_crops_and_livestock_produce_in_India",
"356","India",,"01652","Chillies and peppers, dry (<i>Capsicum</i> spp., <i>Pimenta</i> spp.), raw",2006,0.12,"0.12",,"Drying","Farm",,,,"Survey","ICAR - S.K. Nanda, P.K. Vishwakarma","https://www.researchgate.net/publication/280780214_Harvest_and_post_harvest_losses_of_major_crops_and_livestock_produce_in_India",
"356","India",,"01652","Chillies and peppers, dry (<i>Capsicum</i> spp., <i>Pimenta</i> spp.), raw",2006,0.13,"0.13",,"Transportation","Transport",,"","","Survey","ICAR - S.K. Nanda, P.K. Vishwakarma","https://www.researchgate.net/publication/280780214_Harvest_and_post_harvest_losses_of_major_crops_and_livestock_produce_in_India",""
"356","India",,"01652","Chillies and peppers, dry (<i>Capsicum</i> spp., <i>Pimenta</i> spp.), raw",2006,0.67,"0.67",,"Grading, Sorting","Farm",,,,"Survey","ICAR - S.K. Nanda, P.K. Vishwakarma","https://www.researchgate.net/publication/280780214_Harvest_and_post_harvest_losses_of_major_crops_and_livestock_produce_in_India",
"356","India",,"01652","Chillies and peppers, dry (<i>Capsicum</i> spp., <i>Pimenta</i> spp.), raw",2006,0.9,"0.9",,"Storage","Storage",,"","","Survey","ICAR - S.K. Nanda, P.K. Vishwakarma","https://www.researchgate.net/publication/280780214_Harvest_and_post_harvest_losses_of_major_crops_and_livestock_produce_in_India",""
"356","India",,"01652","Chillies and peppers, dry (<i>Capsicum</i> spp., <i>Pimenta</i> spp.), raw",2006,0.61,"0.61",,"Storage","Storage",,,,"Survey","ICAR - S.K. Nanda, P.K. Vishwakarma","https://www.researchgate.net/publication/280780214_Harvest_and_post_harvest_losses_of_major_crops_and_livestock_produce_in_India",
"356","India",,"01652","Chillies and peppers, dry (<i>Capsicum</i> spp., <i>Pimenta</i> spp.), raw",2006,1.96,"1.96",,"Retailing","Storage",,,,"Survey","ICAR - S.K. Nanda, P.K. Vishwakarma","https://www.researchgate.net/publication/280780214_Harvest_and_post_harvest_losses_of_major_crops_and_livestock_produce_in_India",
"356","India",,"01652","Chillies and peppers, dry (<i>Capsicum</i> spp., <i>Pimenta</i> spp.), raw",2006,1.78,"1.78",,"Wholesale","Storage",,,,"Survey","ICAR - S.K. Nanda, P.K. Vishwakarma","https://www.researchgate.net/publication/280780214_Harvest_and_post_harvest_losses_of_major_crops_and_livestock_produce_in_India",
"356","India",,"01652","Chillies and peppers, dry (<i>Capsicum</i> spp., <i>Pimenta</i> spp.), raw",2006,0.56,"0.56",,"Cleaning, Winnowing","Farm",,,,"Survey","ICAR - S.K. Nanda, P.K. Vishwakarma","https://www.researchgate.net/publication/280780214_Harvest_and_post_harvest_losses_of_major_crops_and_livestock_produce_in_India",
"356","India",,"01652","Chillies and peppers, dry (<i>Capsicum</i> spp., <i>Pimenta</i> spp.), raw",2006,0.99,"0.99",,"Processing","Storage",,,,"Survey","ICAR - S.K. Nanda, P.K. Vishwakarma","https://www.researchgate.net/publication/280780214_Harvest_and_post_harvest_losses_of_major_crops_and_livestock_produce_in_India",
"356","India",,"01654","Anise, badian, coriander, cumin, caraway, fennel and juniper berries, raw",2006,0.52,"0.52",,"Wholesale","Storage",,,,"Survey","ICAR - S.K. Nanda, P.K. Vishwakarma","https://www.researchgate.net/publication/280780214_Harvest_and_post_harvest_losses_of_major_crops_and_livestock_produce_in_India",
"356","India",,"01654","Anise, badian, coriander, cumin, caraway, fennel and juniper berries, raw",2006,0.16,"0.16",,"Packaging","Farm",,,,"Survey","ICAR - S.K. Nanda, P.K. Vishwakarma","https://www.researchgate.net/publication/280780214_Harvest_and_post_harvest_losses_of_major_crops_and_livestock_produce_in_India",
"356","India",,"01654","Anise, badian, coriander, cumin, caraway, fennel and juniper berries, raw",2006,0.37,"0.37",,"Drying","Farm",,,,"Survey","ICAR - S.K. Nanda, P.K. Vishwakarma","https://www.researchgate.net/publication/280780214_Harvest_and_post_harvest_losses_of_major_crops_and_livestock_produce_in_India",
"356","India",,"01654","Anise, badian, coriander, cumin, caraway, fennel and juniper berries, raw",2006,2.19,"2.19",,"Harvesting","Harvest",,,,"Survey","ICAR - S.K. Nanda, P.K. Vishwakarma","https://www.researchgate.net/publication/280780214_Harvest_and_post_harvest_losses_of_major_crops_and_livestock_produce_in_India",
"356","India",,"01654","Anise, badian, coriander, cumin, caraway, fennel and juniper berries, raw",2006,0.2,"0.2",,"Transportation","Transport",,"","","Survey","ICAR - S.K. Nanda, P.K. Vishwakarma","https://www.researchgate.net/publication/280780214_Harvest_and_post_harvest_losses_of_major_crops_and_livestock_produce_in_India",""
"356","India",,"01654","Anise, badian, coriander, cumin, caraway, fennel and juniper berries, raw",2006,0.68,"0.68",,"Collection","Farm",,,,"Survey","ICAR - S.K. Nanda, P.K. Vishwakarma","https://www.researchgate.net/publication/280780214_Harvest_and_post_harvest_losses_of_major_crops_and_livestock_produce_in_India",
"356","India",,"01654","Anise, badian, coriander, cumin, caraway, fennel and juniper berries, raw",2006,3.1,"3.1",,"Threshing","Farm",,,,"Survey","ICAR - S.K. Nanda, P.K. Vishwakarma","https://www.researchgate.net/publication/280780214_Harvest_and_post_harvest_losses_of_major_crops_and_livestock_produce_in_India",
"356","India",,"01654","Anise, badian, coriander, cumin, caraway, fennel and juniper berries, raw",2006,1.89,"1.89",,"Storage","Storage",,"","","Survey","ICAR - S.K. Nanda, P.K. Vishwakarma","https://www.researchgate.net/publication/280780214_Harvest_and_post_harvest_losses_of_major_crops_and_livestock_produce_in_India",""
"356","India",,"01654","Anise, badian, coriander, cumin, caraway, fennel and juniper berries, raw",2006,0.4,"0.4",,"Retailing","Storage",,,,"Survey","ICAR - S.K. Nanda, P.K. Vishwakarma","https://www.researchgate.net/publication/280780214_Harvest_and_post_harvest_losses_of_major_crops_and_livestock_produce_in_India",
"356","India",,"01654","Anise, badian, coriander, cumin, caraway, fennel and juniper berries, raw",2006,0.21,"0.21",,"Cleaning, Winnowing","Farm",,,,"Survey","ICAR - S.K. Nanda, P.K. Vishwakarma","https://www.researchgate.net/publication/280780214_Harvest_and_post_harvest_losses_of_major_crops_and_livestock_produce_in_India",
"356","India",,"01699","Other stimulant, spice and aromatic crops, n.e.c.",2006,0.76,"0.76",,"Retailing","Storage",,,,,"ICAR - S.K. Nanda, P.K. Vishwakarma","https://www.researchgate.net/publication/280780214_Harvest_and_post_harvest_losses_of_major_crops_and_livestock_produce_in_India",
"356","India",,"01699","Other stimulant, spice and aromatic crops, n.e.c.",2006,1.32,"1.32",,"Farm","Storage",,,,,"ICAR - S.K. Nanda, P.K. Vishwakarma","https://www.researchgate.net/publication/280780214_Harvest_and_post_harvest_losses_of_major_crops_and_livestock_produce_in_India",
"356","India",,"01699","Other stimulant, spice and aromatic crops, n.e.c.",2006,0.22,"0.22",,"Transportation","Farm",,,,,"ICAR - S.K. Nanda, P.K. Vishwakarma","https://www.researchgate.net/publication/280780214_Harvest_and_post_harvest_losses_of_major_crops_and_livestock_produce_in_India",
"356","India",,"01699","Other stimulant, spice and aromatic crops, n.e.c.",2006,0.13,"0.13",,"Packaging","Farm",,,,,"ICAR - S.K. Nanda, P.K. Vishwakarma","https://www.researchgate.net/publication/280780214_Harvest_and_post_harvest_losses_of_major_crops_and_livestock_produce_in_India",
"356","India",,"01699","Other stimulant, spice and aromatic crops, n.e.c.",2006,0.67,"0.67",,"Grading, Sorting","Farm",,,,,"ICAR - S.K. Nanda, P.K. Vishwakarma","https://www.researchgate.net/publication/280780214_Harvest_and_post_harvest_losses_of_major_crops_and_livestock_produce_in_India",
"356","India",,"01699","Other stimulant, spice and aromatic crops, n.e.c.",2006,0.12,"0.12",,"Drying","Farm",,,,,"ICAR - S.K. Nanda, P.K. Vishwakarma","https://www.researchgate.net/publication/280780214_Harvest_and_post_harvest_losses_of_major_crops_and_livestock_produce_in_India",
"356","India",,"01699","Other stimulant, spice and aromatic crops, n.e.c.",2006,1.14,"1.14",,"Cleaning, Winnowing","Farm",,,,,"ICAR - S.K. Nanda, P.K. Vishwakarma","https://www.researchgate.net/publication/280780214_Harvest_and_post_harvest_losses_of_major_crops_and_livestock_produce_in_India",
"356","India",,"01699","Other stimulant, spice and aromatic crops, n.e.c.",2006,3.66,"3.66",,"Harvesting","Harvest",,,,,"ICAR - S.K. Nanda, P.K. Vishwakarma","https://www.researchgate.net/publication/280780214_Harvest_and_post_harvest_losses_of_major_crops_and_livestock_produce_in_India",
"356","India",,"01699","Other stimulant, spice and aromatic crops, n.e.c.",2006,0.77,"0.77",,"Collection","Farm",,,,,"ICAR - S.K. Nanda, P.K. Vishwakarma","https://www.researchgate.net/publication/280780214_Harvest_and_post_harvest_losses_of_major_crops_and_livestock_produce_in_India",
"356","India",,"01699","Other stimulant, spice and aromatic crops, n.e.c.",2006,0.95,"0.95",,"Wholesale","Storage",,,,,"ICAR - S.K. Nanda, P.K. Vishwakarma","https://www.researchgate.net/publication/280780214_Harvest_and_post_harvest_losses_of_major_crops_and_livestock_produce_in_India",
"356","India",,"01802","Sugar cane",2006,0.14,"0.14",,"Retailing","Storage",,,,,"ICAR - S.K. Nanda, P.K. Vishwakarma","https://www.researchgate.net/publication/280780214_Harvest_and_post_harvest_losses_of_major_crops_and_livestock_produce_in_India",
"356","India",,"01802","Sugar cane",2006,3.52,"3.52",,"Drying","Farm",,,,,"ICAR - S.K. Nanda, P.K. Vishwakarma","https://www.researchgate.net/publication/280780214_Harvest_and_post_harvest_losses_of_major_crops_and_livestock_produce_in_India",
"356","India",,"01802","Sugar cane",2006,0.22,"0.22",,"Transportation","Farm",,,,,"ICAR - S.K. Nanda, P.K. Vishwakarma","https://www.researchgate.net/publication/280780214_Harvest_and_post_harvest_losses_of_major_crops_and_livestock_produce_in_India",
"356","India",,"01802","Sugar cane",2006,0.31,"0.31",,"Grading, Sorting","Farm",,,,,"ICAR - S.K. Nanda, P.K. Vishwakarma","https://www.researchgate.net/publication/280780214_Harvest_and_post_harvest_losses_of_major_crops_and_livestock_produce_in_India",
"356","India",,"01802","Sugar cane",2006,1.16,"1.16",,"Processing","Storage",,,,,"ICAR - S.K. Nanda, P.K. Vishwakarma","https://www.researchgate.net/publication/280780214_Harvest_and_post_harvest_losses_of_major_crops_and_livestock_produce_in_India",
"356","India",,"01802","Sugar cane",2006,0.09,"0.09",,"Packaging","Farm",,,,,"ICAR - S.K. Nanda, P.K. Vishwakarma","https://www.researchgate.net/publication/280780214_Harvest_and_post_harvest_losses_of_major_crops_and_livestock_produce_in_India",
"356","India",,"01802","Sugar cane",2006,0.86,"0.86",,"Collection","Farm",,,,,"ICAR - S.K. Nanda, P.K. Vishwakarma","https://www.researchgate.net/publication/280780214_Harvest_and_post_harvest_losses_of_major_crops_and_livestock_produce_in_India",
"356","India",,"01802","Sugar cane",2006,2.78,"2.78",,"Harvesting","Harvest",,,,,"ICAR - S.K. Nanda, P.K. Vishwakarma","https://www.researchgate.net/publication/280780214_Harvest_and_post_harvest_losses_of_major_crops_and_livestock_produce_in_India",
"356","India",,"01802","Sugar cane",2006,0.83,"0.83",,"Farm","Storage",,,,,"ICAR - S.K. Nanda, P.K. Vishwakarma","https://www.researchgate.net/publication/280780214_Harvest_and_post_harvest_losses_of_major_crops_and_livestock_produce_in_India",
"356","India",,"01651","Pepper (<i>Piper</i> spp.), raw",2005,11.9,"6.7-17.1",,,"Farm",,"","","Literature Review","Sharma et al, 2005","http://ucanr.edu/datastoreFiles/234-1847.pdf","Sourced from Sharma et al, 2005"
"36","Australia",,"01802","Sugar cane",2019,10,"10%",,"Farm","Farm",,"","","Modelled Estimates","Richard Collins (2019), national food waste baseline",," Reference has been generated automatically"
"364","Iran (Islamic Republic of)",,"01371","Almonds, in shell",2001,1,"1%",,"Harvesting","Harvest",,"","","Literature Review","Asian Productivity Organization and Food and Agriculture Organization of the United Nations",,""
"364","Iran (Islamic Republic of)",,"01371","Almonds, in shell",2001,1,"1%",,"Wholesale","Wholesale",,"","","Literature Review","Asian Productivity Organization and Food and Agriculture Organization of the United Nations",,""
"364","Iran (Islamic Republic of)",,"01371","Almonds, in shell",2001,1,"1%",,"Retailing","Retail",,"","","Literature Review","Asian Productivity Organization and Food and Agriculture Organization of the United Nations",,""
"364","Iran (Islamic Republic of)",,"01371","Almonds, in shell",2001,3,"3%",,"Sorting, Storage","Storage",,"","","Literature Review","Asian Productivity Organization and Food and Agriculture Organization of the United Nations",,""
"364","Iran (Islamic Republic of)",,"01371","Almonds, in shell",2001,1,"1%",,"Transportation","Transport",,"","","Literature Review","Asian Productivity Organization and Food and Agriculture Organization of the United Nations",,""
"364","Iran (Islamic Republic of)",,"01375","Pistachios, in shell",2001,1,"1%",,"Wholesale","Wholesale",,"","","Literature Review","Asian Productivity Organization and Food and Agriculture Organization of the United Nations",,""
"364","Iran (Islamic Republic of)",,"01375","Pistachios, in shell",2001,4.5,"3 - 6%",,"Sorting, Storage","Storage",,"","","Literature Review","Asian Productivity Organization and Food and Agriculture Organization of the United Nations",,""
"364","Iran (Islamic Republic of)",,"01375","Pistachios, in shell",2001,1,"1%",,"Retailing","Retail",,"","","Literature Review","Asian Productivity Organization and Food and Agriculture Organization of the United Nations",,""
"364","Iran (Islamic Republic of)",,"01375","Pistachios, in shell",2001,1,"1%",,"Transportation","Transport",,"","","Literature Review","Asian Productivity Organization and Food and Agriculture Organization of the United Nations",,""
"364","Iran (Islamic Republic of)",,"01375","Pistachios, in shell",2001,1,"1%",,"Harvesting","Harvest",,"","","Literature Review","Asian Productivity Organization and Food and Agriculture Organization of the United Nations",,""
"364","Iran (Islamic Republic of)",,"01376","Walnuts, in shell",2001,2,"2%",,"Harvesting","Harvest",,"","","Literature Review","Asian Productivity Organization and Food and Agriculture Organization of the United Nations",,""
"364","Iran (Islamic Republic of)",,"01376","Walnuts, in shell",2001,10.5,"4 - 17%",,"Sorting, Storage","Storage",,,,"Literature Review","Asian Productivity Organization and Food and Agriculture Organization of the United Nations",,
"364","Iran (Islamic Republic of)",,"01376","Walnuts, in shell",2001,1,"1%",,"Retailing","Retail",,"","","Literature Review","Asian Productivity Organization and Food and Agriculture Organization of the United Nations",,""
"364","Iran (Islamic Republic of)",,"01376","Walnuts, in shell",2001,1,"1%",,"Wholesale","Wholesale",,"","","Literature Review","Asian Productivity Organization and Food and Agriculture Organization of the United Nations",,""
"364","Iran (Islamic Republic of)",,"01376","Walnuts, in shell",2001,1,"1%",,"Transportation","Transport",,"","","Literature Review","Asian Productivity Organization and Food and Agriculture Organization of the United Nations",,""
"364","Iran (Islamic Republic of)",,"01376","Walnuts, in shell",2001,5.5,"4.0-7",,"Sorting, Storage","Storage",,"Improper Harvesting And Transportation Methods, Unsuitable Storage Of Products After Harvest, Poor Sorting, Improper Packaging And Distribution. Losses Also Occur During Retail Sale, Consumption And Processing","","Expert Opinion","Baghkhandan; Ministry of Agriculture, unpublished data7","http://www.apo-tokyo.org/00e-books/AG-18_PostHarvest/AG-18_PostHarvest.pdf",""
"364","Iran (Islamic Republic of)",,"01699","Other stimulant, spice and aromatic crops, n.e.c.",2001,2.5,"2 - 3%",,"Cleaning, Collection, Distribution, Drying, Field, Harvesting, Shelling, Storage, Threshing, Transportation","Whole supply chain",,,,"Literature Review","Asian Productivity Organization and Food and Agriculture Organization of the United Nations",,
"400","Jordan",,"01651","Pepper (<i>Piper</i> spp.), raw",2002,23,"23",,,,,,,"Literature Review","El-Assi 2002","http://ucanr.edu/datastoreFiles/234-1847.pdf; http://ucce.ucdavis.edu/files/datastore/234-1848.pdf",
"418","Lao People's Democratic Republic",,"01652","Chillies and peppers, dry (<i>Capsicum</i> spp., <i>Pimenta</i> spp.), raw",2008,10.7,"10.7",,,"Whole supply chain",,"","","Literature Review","Weinberger et al 2008","http://ucce.ucdavis.edu/files/datastore/234-1479.pdf","Sourced from Weinberger et al 2008"
"484","Mexico",,"01651","Pepper (<i>Piper</i> spp.), raw",2013,45.46,"45.46","51793",,"Whole supply chain",,,,"Case Study","Cruzada Nacional Contra el Hambre - Grupo Tecnico de las Perdidas y Mermas de Alimentos: Estudio de Linea Base de 2013",,
"484","Mexico",,"01652","Chillies and peppers, dry (<i>Capsicum</i> spp., <i>Pimenta</i> spp.), raw",2013,44.14,"44.14","412057",,"Whole supply chain",,,,"Case Study","Cruzada Nacional Contra el Hambre - Grupo Tecnico de las Perdidas y Mermas de Alimentos: Estudio de Linea Base de 2013",,
"50","Bangladesh",,"01699","Other stimulant, spice and aromatic crops, n.e.c.",2005,18.18,"18.18%","0.06M tons","Cleaning, Collection, Distribution, Drying, Field, Harvesting, Shelling, Storage, Threshing, Transportation","Whole supply chain",,,,"National Accounts","M. Harun-ur-Rashid",,
"50","Bangladesh",,"01802","Sugar cane",2005,20,"20%","1.30M tons","Cleaning, Collection, Distribution, Drying, Field, Harvesting, Shelling, Storage, Threshing, Transportation","Whole supply chain",,,,"National Accounts","M. Harun-ur-Rashid",,
"524","Nepal","Kapurkot, Shalyan, Nepal to Sitapur market Lucknow, India","01652","Chillies and peppers, dry (<i>Capsicum</i> spp., <i>Pimenta</i> spp.), raw",2000,5,"5",,,"Export",,,,"No Data Collection Specified","MDD 1999/ 2000","http://www.apo-tokyo.org/00e-books/AG-18_PostHarvest/AG-18_PostHarvest.pdf",
"524","Nepal","Kapurkot, Salyan, Nepal to Azadpur market, New Delhi, India","01652","Chillies and peppers, dry (<i>Capsicum</i> spp., <i>Pimenta</i> spp.), raw",2000,5.88,"5.88",,,"Export",,,,"No Data Collection Specified","MDD 1999/ 2000","http://www.apo-tokyo.org/00e-books/AG-18_PostHarvest/AG-18_PostHarvest.pdf",
"566","Nigeria",,"01651","Pepper (<i>Piper</i> spp.), raw",2010,12,"12",,,"Farm",,,"30","Survey","Olayemi F. F., Adegbola J. A., Bamishaiye E. I. and Daura A. M","http://www.measurepostharvestlosses.com/sites/default/files/survtomatoeph.pdf",
"566","Nigeria",,"01651","Pepper (<i>Piper</i> spp.), raw",2010,8,"8",,,"Farm",,,"30","Survey","Olayemi F. F., Adegbola J. A., Bamishaiye E. I. and Daura A. M","http://www.measurepostharvestlosses.com/sites/default/files/survtomatoeph.pdf",
"566","Nigeria",,"01651","Pepper (<i>Piper</i> spp.), raw",2010,15,"15",,,"Transport",,,"30","Survey","Olayemi F. F., Adegbola J. A., Bamishaiye E. I. and Daura A. M","http://www.measurepostharvestlosses.com/sites/default/files/survtomatoeph.pdf",
"566","Nigeria",,"01651","Pepper (<i>Piper</i> spp.), raw",2010,10,"10",,,"Transport",,,"30","Survey","Olayemi F. F., Adegbola J. A., Bamishaiye E. I. and Daura A. M","http://www.measurepostharvestlosses.com/sites/default/files/survtomatoeph.pdf",
"566","Nigeria",,"01652","Chillies and peppers, dry (<i>Capsicum</i> spp., <i>Pimenta</i> spp.), raw",2010,8,"8%",,"Harvesting","Harvest",,,"60","Survey","Olayemi F. F., Adegbola J. A., Bamishaiye E. I. and Daura A. M. (2010)",,
"586","Pakistan","Northern region","01371","Almonds, in shell",2003,6.1,"6.10%",,"Cleaning, Collection, Distribution, Drying, Field, Harvesting, Shelling, Storage, Threshing, Transportation","Whole supply chain",,,,"Literature Review","Asian Productivity Organization and Food and Agriculture Organization of the United Nations",,
"586","Pakistan","Northern region","01376","Walnuts, in shell",2003,6.7,"6.7%",,"Cleaning, Collection, Distribution, Drying, Field, Harvesting, Shelling, Storage, Threshing, Transportation","Whole supply chain",,,,"Literature Review","Asian Productivity Organization and Food and Agriculture Organization of the United Nations",,
"586","Pakistan","Northern Areas","01371","Almonds, in shell",2001,6.1,"6.1","121000",,"Whole supply chain",,"Levels of postharvest losses in fruits owing to
improper harvesting, handling, grading, packing, transportation and storage",,,"Study on Crop Production and Marketing in Northern Areas Development of Agriculture, Northern Areas","http://www.apo-tokyo.org/00e-books/AG-18_PostHarvest/AG-18_PostHarvest.pdf",
"586","Pakistan","Northern Areas","01376","Walnuts, in shell",2001,6.7,"6.7","439000",,"Whole supply chain",,"Levels of postharvest losses in fruits owing to
improper harvesting, handling, grading, packing, transportation and storage",,,"Study on Crop Production and Marketing in Northern Areas Development of Agriculture, Northern Areas","http://www.apo-tokyo.org/00e-books/AG-18_PostHarvest/AG-18_PostHarvest.pdf",
"662","Saint Lucia",,"01640","Cocoa beans",2013,30,"30",,,,,,,"Expert Opinion",,"http://www.forumdofuturo.com.br/site/wp-content/uploads/2015/08/IICA.-2013.-Post-Harvest-Losses-in-Latin-America-and-the-Caribbean.pdf","url not found"
"694","Sierra Leone",,"01640","Cocoa beans",2010,22.5,"20-25",,,"Whole supply chain",,,,"Case Study","Joint ADB/FAO Rapid Country Needs Assessment/ Peters D. July 15, 2005. Production and Market Systems: Kailahun, Kono, and
Koinadugu Districts of Sierra Leone; A consulting report for CRS-Sierra Leone.","http://www.fao.org/3/a-au874e.pdf",
"704","Viet Nam",,"01652","Chillies and peppers, dry (<i>Capsicum</i> spp., <i>Pimenta</i> spp.), raw",2008,16.9,"16.9",,,"Whole supply chain",,"","","Survey","Weinberger et al 2008","http://ucce.ucdavis.edu/files/datastore/234-1479.pdf",""
"752","Sweden",,"01801","Sugar beet",2013,1.5,"1.5%",,"Layering","Farm",,,,"Expert Opinion","Hartikainen et al., 2014",,"Expanded from loss factor 21097 based on the period_years."
"752","Sweden",,"01801","Sugar beet",2013,3.5,"3.5%",,"Harvesting","Harvest",,,,"Expert Opinion","Hartikainen et al., 2014",,"Expanded from loss factor 21096 based on the period_years."
"752","Sweden",,"01801","Sugar beet",2012,1.5,"1.5%",,"Layering","Farm",,,,"Expert Opinion","Hartikainen et al., 2014",,"Expanded from loss factor 21097 based on the period_years."
"752","Sweden",,"01801","Sugar beet",2012,3.5,"3.5%",,"Harvesting","Harvest",,,,"Expert Opinion","Hartikainen et al., 2014",,"Expanded from loss factor 21096 based on the period_years."
"752","Sweden",,"01801","Sugar beet",2011,3.5,"3.5%",,"Harvesting","Harvest",,,,"Expert Opinion","Hartikainen et al., 2014",,"Expanded from loss factor 21096 based on the period_years."
"752","Sweden",,"01801","Sugar beet",2011,1.5,"1.5%",,"Layering","Farm",,,,"Expert Opinion","Hartikainen et al., 2014",,"Expanded from loss factor 21097 based on the period_years."
"76","Brazil",,"01651","Pepper (<i>Piper</i> spp.), raw",2003,30,"30",,,"Whole supply chain",,"","","Literature Review","Vilela et al, 2003","http://ucanr.edu/datastoreFiles/234-1847.pdf",""
"780","Trinidad and Tobago",,"01651","Pepper (<i>Piper</i> spp.), raw",2013,45.5,"39-52",,,,,,,"Expert Opinion",,"http://www.forumdofuturo.com.br/site/wp-content/uploads/2015/08/IICA.-2013.-Post-Harvest-Losses-in-Latin-America-and-the-Caribbean.pdf","url not found"
"840","United States of America",,"01651","Pepper (<i>Piper</i> spp.), raw",2018,10.7,"10.7%",,"Retailing","Retail","Bell peppers","","","Modelled Estimates","Ron Porat,Amnon Lichter,Leon A. Terry,Roger Harker,Jean Buzby (2018), Postharvest losses of fruit and vegetables during retail and in consumers homes: Quantifications, causes, and means of prevention",," Reference has been generated automatically"
"840","United States of America",,"23210.04","Sugar and syrups n.e.c.",2008,11,"11%",,"Retailing","Retail",,,,"Modelled Estimates","J.C. Buzby, J. Hyman / Food Policy 37 (2012) 561570",,
"840","United States of America",,"23210.04","Sugar and syrups n.e.c.",2008,18,"18%",,"Consumption","Households",,,,"Modelled Estimates","J.C. Buzby, J. Hyman / Food Policy 37 (2012) 561570",,
"840","United States of America",,"01651","Pepper (<i>Piper</i> spp.), raw",2008,26,"26%",,"Consumption, Retailing","Households","Fresh","","","Modelled Estimates","(2011), the value of retail- and consumer-level fruit and vegetable losses in the united states",," Reference has been generated automatically"
